site,basin
Afar,Indian
Ascension,other
Australia E,Pacific
Azores,Atlantic
Baja/Guadalupe,Pacific
Balleny,Pacific
Bermuda,Atlantic
Bouvet,other
Bowie,Pacific
Cameroon,other
Canary,Atlantic
Cape Verde,Atlantic
Caroline,Pacific
Comores,Indian
Crozet/Pr. Edward,Indian
Darfur,Indian
Discovery,other
Easter,Pacific
Eifel,other
Fernando,Atlantic
Galapagos,Pacific
Great Meteor/New England,Atlantic
Hawaii,Pacific
Hoggar,other
Iceland,Atlantic
Jan Mayen,other
Juan Fernandez,Pacific
Juan de Fuca/Cobb,Pacific
Kerguelen(Heard),Indian
Lord Howe (Tasman East),Pacific
Louisville,Pacific
Macdonald (Cook-Austral),Pacific
Marion,Indian
Marquesas,Pacific
Martin/Trindade,Atlantic
Meteor,other
Pitcairn,Pacific
Raton,Pacific
Reunion,Indian
Samoa,Pacific
San Felix,Pacific
Socorro,Pacific
St Helena,Atlantic
Tahiti/Society,Pacific
Tasmanid (Tasman central),Pacific
Tibesti,other
Tristan,other
Vema,other
Yellowstone,Pacific
